author,comment
@amadobuffington,Mainkan permainan favoritmu di Ì¶PÌ¶UÌ¶LÌ¶AÌ¶UÌ¶7Ì¶7Ì¶7Ì¶.
@milesmadera-z9o,"<a href=""https://www.youtube.com/watch?v=REvlWJ7lo4M&amp;t=150"">02:30</a> ğŸ…¿ï¸ğŸ†„ğŸ…»ğŸ…°ï¸ğŸ†„777, tempat berkumpulnya para pemenang"
@ramiroconway,PÌ½Í“UÌ½Í“LÌ½Í“AÌ½Í“UÌ½Í“7Ì½Í“7Ì½Í“7Ì½Í“ menutup permainan dengan sempurna
@wallacemcgill-f1r,"[Ì…Ì²P][Ì…Ì²U][Ì…Ì²L][Ì…Ì²A][Ì…Ì²U][Ì…Ì²7][Ì…Ì²7][Ì…Ì²7], tempatnya kemenangan besar"
@michalfoltz,"Ì¶PÌ¶UÌ¶LÌ¶AÌ¶UÌ¶7Ì¶7Ì¶7Ì¶., bermain seru dan menangkan jackpotnya"
@zackarylorenzo,"[<a href=""https://www.youtube.com/watch?v=REvlWJ7lo4M&amp;t=300"">05:00</a> Ì…Ì²P][Ì…Ì²U][Ì…Ì²L][Ì…Ì²A][Ì…Ì²U][Ì…Ì²7][Ì…Ì²7][Ì…Ì²7], tempatnya hadiahnya tak ada habisnya"
@rolandplatt-q8o,Ì¶PÌ¶UÌ¶LÌ¶AÌ¶UÌ¶7Ì¶7Ì¶7Ì¶. permainan yang menjanjikan
@damianagee,Mainkan permainan favoritmu di Ì¶PÌ¶UÌ¶LÌ¶AÌ¶UÌ¶7Ì¶7Ì¶7Ì¶.
@nestorarevalo-i1k,PÌ½Í“UÌ½Í“LÌ½Í“AÌ½Í“UÌ½Í“7Ì½Í“7Ì½Í“7Ì½Í“ menutup permainan dengan sempurna
@augustusaltman-y3k,Ì…Ì²P][Ì…Ì²U][Ì…Ì²L][Ì…Ì²A][Ì…Ì²U][Ì…Ì²7][Ì…Ì²7][Ì…Ì²7] lambang juara
@everetteburr,"[<a href=""https://www.youtube.com/watch?v=REvlWJ7lo4M&amp;t=300"">05:00</a> Ì…Ì²P][Ì…Ì²U][Ì…Ì²L][Ì…Ì²A][Ì…Ì²U][Ì…Ì²7][Ì…Ì²7][Ì…Ì²7], tempatnya hadiahnya tak ada habisnya"
@jaymcknight-r1o,"[Ì…Ì²P][Ì…Ì²U][Ì…Ì²L][Ì…Ì²A][Ì…Ì²U][Ì…Ì²7][Ì…Ì²7][Ì…Ì²7], tempat kemenangan berada"
@cornellwynne,Menangkan jackpot eksklusif di Ì¶PÌ¶UÌ¶LÌ¶AÌ¶UÌ¶7Ì¶7Ì¶7Ì¶.
@jaymcknight-r1o,"<a href=""https://www.youtube.com/watch?v=REvlWJ7lo4M&amp;t=150"">02:30</a>ï¼°â“¤ï¼¬ï¼¡ï¼µ777, tempatnya peluang besar"
@antionedickey,"Ì¶PÌ¶UÌ¶LÌ¶AÌ¶UÌ¶7Ì¶7Ì¶7Ì¶., dunia penuh kemenangan dan hadiah"
@valentinecuster,"[Ì…Ì²P][Ì…Ì²U][Ì…Ì²L][Ì…Ì²A][Ì…Ì²U][Ì…Ì²7][Ì…Ì²7][Ì…Ì²7], keberuntungan menanti di setiap permainan"
@markusmilligan,"[<a href=""https://www.youtube.com/watch?v=REvlWJ7lo4M&amp;t=300"">05:00</a> Ì…Ì²P][Ì…Ì²U][Ì…Ì²L][Ì…Ì²A][Ì…Ì²U][Ì…Ì²7][Ì…Ì²7][Ì…Ì²7], tempatnya hadiahnya tak ada habisnya"
@chuckloftus,"Ì¶PÌ¶UÌ¶LÌ¶AÌ¶UÌ¶7Ì¶7Ì¶7Ì¶., dunia penuh kemenangan dan hadiah"
@numbersjablonski,"[Ì…Ì²P][Ì…Ì²U][Ì…Ì²L][Ì…Ì²A][Ì…Ì²U][Ì…Ì²7][Ì…Ì²7][Ì…Ì²7], keberuntungan menanti di setiap permainan"
@rogerchristie-z8y,"[Ì…Ì²P][Ì…Ì²U][Ì…Ì²L][Ì…Ì²A][Ì…Ì²U][Ì…Ì²7][Ì…Ì²7][Ì…Ì²7], kesempatan emas untuk setiap pemain"
@theodorema,"<a href=""https://www.youtube.com/watch?v=REvlWJ7lo4M&amp;t=150"">02:30</a>ï¼°â“¤ï¼¬ï¼¡ï¼µ777, tempatnya peluang besar"
@marcfuentes-s5f,Menangkan jackpot eksklusif di Ì¶PÌ¶UÌ¶LÌ¶AÌ¶UÌ¶7Ì¶7Ì¶7Ì¶.
@theowang-o8k,PÌ½Í“UÌ½Í“LÌ½Í“AÌ½Í“UÌ½Í“7Ì½Í“7Ì½Í“7Ì½Í“ menutup permainan dengan sempurna
@martymosley-x4y,"[Ì…Ì²P][Ì…Ì²U][Ì…Ì²L][Ì…Ì²A][Ì…Ì²U][Ì…Ì²7][Ì…Ì²7][Ì…Ì²7], tempat kemenangan berada"
@brandenbranson,PÌ½Í“UÌ½Í“LÌ½Í“AÌ½Í“UÌ½Í“7Ì½Í“7Ì½Í“7Ì½Í“ menutup permainan dengan sempurna
@larryschweitzer,"<a href=""https://www.youtube.com/watch?v=REvlWJ7lo4M&amp;t=150"">02:30</a>ï¼°â“¤ï¼¬ï¼¡ï¼µ777, tempatnya peluang besar"
@buddyjeter-e6v,"[Ì…Ì²P][Ì…Ì²U][Ì…Ì²L][Ì…Ì²A][Ì…Ì²U][Ì…Ì²7][Ì…Ì²7][Ì…Ì²7], tempat kemenangan berada"
@whitneytipton-w7i,Ì…Ì²P][Ì…Ì²U][Ì…Ì²L][Ì…Ì²A][Ì…Ì²U][Ì…Ì²7][Ì…Ì²7][Ì…Ì²7] lambang juara
@leifcasto,Ì…Ì²P][Ì…Ì²U][Ì…Ì²L][Ì…Ì²A][Ì…Ì²U][Ì…Ì²7][Ì…Ì²7][Ì…Ì²7] lambang juara
@freemanbarrows-w9n,Rasakan petualangan seru di [Ì…Ì²P][Ì…Ì²U][Ì…Ì²L][Ì…Ì²A][Ì…Ì²U][Ì…Ì²7][Ì…Ì²7][Ì…Ì²7]
@bertrammanning-x2z,"[Ì…Ì²P][Ì…Ì²U][Ì…Ì²L][Ì…Ì²A][Ì…Ì²U][Ì…Ì²7][Ì…Ì²7][Ì…Ì²7], kesempatan emas untuk setiap pemain"
@broderickkessler,Ì…Ì²P][Ì…Ì²U][Ì…Ì²L][Ì…Ì²A][Ì…Ì²U][Ì…Ì²7][Ì…Ì²7][Ì…Ì²7] lambang juara
@augustusaltman-y3k,"Ì¶PÌ¶UÌ¶LÌ¶AÌ¶UÌ¶7Ì¶7Ì¶7Ì¶., peluang besar untuk setiap pemain"
@elliotlusk,Ì…Ì²P][Ì…Ì²U][Ì…Ì²L][Ì…Ì²A][Ì…Ì²U][Ì…Ì²7][Ì…Ì²7][Ì…Ì²7] lambang juara
@altonrobbins-t7p,Headshot bertubi-tubi
@hansburrow,"<a href=""https://www.youtube.com/watch?v=REvlWJ7lo4M&amp;t=150"">02:30</a>ï¼°â“¤ï¼¬ï¼¡ï¼µ777, tempatnya peluang besar"
@refugiomansfield,"[<a href=""https://www.youtube.com/watch?v=REvlWJ7lo4M&amp;t=300"">05:00</a> Ì…Ì²P][Ì…Ì²U][Ì…Ì²L][Ì…Ì²A][Ì…Ì²U][Ì…Ì²7][Ì…Ì²7][Ì…Ì²7], tempatnya hadiahnya tak ada habisnya"
@reynaldocallahan,Ì¶PÌ¶UÌ¶LÌ¶AÌ¶UÌ¶7Ì¶7Ì¶7Ì¶. di mana kemenangan menjadi kenyataan
@darrinkimmel,Ì¶PÌ¶UÌ¶LÌ¶AÌ¶UÌ¶7Ì¶7Ì¶7Ì¶. dunia kemenangan di ujung jari Anda
@kurturibe,"<a href=""https://www.youtube.com/watch?v=REvlWJ7lo4M&amp;t=360"">06:00</a> ğŸ…¿ï¸ğŸ†„ğŸ…»ğŸ…°ï¸ğŸ†„777, menangkan hadiah menarik setiap hari"
@giovanniabarca-x3l,"[Ì…Ì²P][Ì…Ì²U][Ì…Ì²L][Ì…Ì²A][Ì…Ì²U][Ì…Ì²7][Ì…Ì²7][Ì…Ì²7], raih kemenanganmu dengan mudah"
@stanfordgoforth,"<a href=""https://www.youtube.com/watch?v=REvlWJ7lo4M&amp;t=360"">06:00</a> ğŸ…¿ï¸ğŸ†„ğŸ…»ğŸ…°ï¸ğŸ†„777, menangkan hadiah menarik setiap hari"
@dominicmaxwell-h5n,"[Ì…Ì²P][Ì…Ì²U][Ì…Ì²L][Ì…Ì²A][Ì…Ì²U][Ì…Ì²7][Ì…Ì²7][Ì…Ì²7], menangkan bonus besar hanya di sini"
@Disvstra,"GJLS Ibuku ibu ibu, film komedi absurd banget kaya ga ada skrip dialog pemeran ğŸ˜­"
@parisfultz,"[Ì…Ì²P][Ì…Ì²U][Ì…Ì²L][Ì…Ì²A][Ì…Ì²U][Ì…Ì²7][Ì…Ì²7][Ì…Ì²7], keberuntungan menanti di setiap permainan"
@carsoncrow-b1b,Rasakan petualangan seru di [Ì…Ì²P][Ì…Ì²U][Ì…Ì²L][Ì…Ì²A][Ì…Ì²U][Ì…Ì²7][Ì…Ì²7][Ì…Ì²7]
@houstonnava,"Ì¶PÌ¶UÌ¶LÌ¶AÌ¶UÌ¶7Ì¶7Ì¶7Ì¶., bermain seru dan menangkan jackpotnya"
@wileysaenz,"Ì¶PÌ¶UÌ¶LÌ¶AÌ¶UÌ¶7Ì¶7Ì¶7Ì¶., dunia penuh kemenangan dan hadiah"
@teodororuelas,PÌ½Í“UÌ½Í“LÌ½Í“AÌ½Í“UÌ½Í“7Ì½Í“7Ì½Í“7Ì½Í“ menutup permainan dengan sempurna
@malcolmhumphreys-b9w,Rasakan petualangan seru di [Ì…Ì²P][Ì…Ì²U][Ì…Ì²L][Ì…Ì²A][Ì…Ì²U][Ì…Ì²7][Ì…Ì²7][Ì…Ì²7]
@augustusaltman-y3k,"[Ì…Ì²P][Ì…Ì²U][Ì…Ì²L][Ì…Ì²A][Ì…Ì²U][Ì…Ì²7][Ì…Ì²7][Ì…Ì²7], raih kemenanganmu dengan mudah"
@erichlinares-y4b,Ì¶PÌ¶UÌ¶LÌ¶AÌ¶UÌ¶7Ì¶7Ì¶7Ì¶. di mana kemenangan menjadi kenyataan
@mangeyer,"<a href=""https://www.youtube.com/watch?v=REvlWJ7lo4M&amp;t=300"">05:00</a> [Ì…Ì²P][Ì…Ì²U][Ì…Ì²L][Ì…Ì²A][Ì…Ì²U][Ì…Ì²7][Ì…Ì²7][Ì…Ì²7], peluang besar yang tidak bisa dilewatkan"
@manuellaws,Mainkan permainan favoritmu di Ì¶PÌ¶UÌ¶LÌ¶AÌ¶UÌ¶7Ì¶7Ì¶7Ì¶.
@cletuslujan,"[<a href=""https://www.youtube.com/watch?v=REvlWJ7lo4M&amp;t=300"">05:00</a> Ì…Ì²P][Ì…Ì²U][Ì…Ì²L][Ì…Ì²A][Ì…Ì²U][Ì…Ì²7][Ì…Ì²7][Ì…Ì²7], tempatnya hadiahnya tak ada habisnya"
@bertramdeangelis,"<a href=""https://www.youtube.com/watch?v=REvlWJ7lo4M&amp;t=150"">02:30</a>ï¼°â“¤ï¼¬ï¼¡ï¼µ777, tempatnya peluang besar"
@travisdamico-g3k,"<a href=""https://www.youtube.com/watch?v=REvlWJ7lo4M&amp;t=360"">06:00</a> ğŸ…¿ï¸ğŸ†„ğŸ…»ğŸ…°ï¸ğŸ†„777, menangkan hadiah menarik setiap hari"
@isaiasgillespie-e3w,"[Ì…Ì²P][Ì…Ì²U][Ì…Ì²L][Ì…Ì²A][Ì…Ì²U][Ì…Ì²7][Ì…Ì²7][Ì…Ì²7], serunya bermain dengan peluang tak terbatas"
@allankimball,"[Ì…Ì²P][Ì…Ì²U][Ì…Ì²L][Ì…Ì²A][Ì…Ì²U][Ì…Ì²7][Ì…Ì²7][Ì…Ì²7], kesempatan emas untuk setiap pemain"
@eldengoncalves,"Ì¶PÌ¶UÌ¶LÌ¶AÌ¶UÌ¶7Ì¶7Ì¶7Ì¶., tempatnya para pemenang sejati berkumpul"
@SitiAdniati-ul1lt,Maaf bang sy lagi makan nih
@waldolusk,"Ì¶<a href=""https://www.youtube.com/watch?v=REvlWJ7lo4M&amp;t=150"">02:30</a>PÌ¶UÌ¶LÌ¶AÌ¶UÌ¶7Ì¶7Ì¶7Ì¶., platform terbaik untuk pemain sejati"
@lucasmata-v6w,Mainkan permainan favoritmu di Ì¶PÌ¶UÌ¶LÌ¶AÌ¶UÌ¶7Ì¶7Ì¶7Ì¶.
@fermingilmore,"<a href=""https://www.youtube.com/watch?v=REvlWJ7lo4M&amp;t=360"">06:00</a> ğŸ…¿ï¸ğŸ†„ğŸ…»ğŸ…°ï¸ğŸ†„777, pengalaman bermain yang berbeda"
@lancepotter-h1c,"[Ì…Ì²P][Ì…Ì²U][Ì…Ì²L][Ì…Ì²A][Ì…Ì²U][Ì…Ì²7][Ì…Ì²7][Ì…Ì²7], menangkan bonus besar hanya di sini"
@clementevalverde-s7p,Ì¶PÌ¶UÌ¶LÌ¶AÌ¶UÌ¶7Ì¶7Ì¶7Ì¶. dunia kemenangan di ujung jari Anda
@landonearly-o9n,Rasakan petualangan seru di [Ì…Ì²P][Ì…Ì²U][Ì…Ì²L][Ì…Ì²A][Ì…Ì²U][Ì…Ì²7][Ì…Ì²7][Ì…Ì²7]
@geraldomaguire,"<a href=""https://www.youtube.com/watch?v=REvlWJ7lo4M&amp;t=360"">06:00</a> [Ì…Ì²P][Ì…Ì²U][Ì…Ì²L][Ì…Ì²A][Ì…Ì²U][Ì…Ì²7][Ì…Ì²7][Ì…Ì²7], bermain dengan peluang besar"
@quintincarmichael,"<a href=""https://www.youtube.com/watch?v=REvlWJ7lo4M&amp;t=300"">05:00</a> [Ì…Ì²P][Ì…Ì²U][Ì…Ì²L][Ì…Ì²A][Ì…Ì²U][Ì…Ì²7][Ì…Ì²7][Ì…Ì²7], peluang besar yang tidak bisa dilewatkan"
@gustavogaspar-z6p,Ì…Ì²P][Ì…Ì²U][Ì…Ì²L][Ì…Ì²A][Ì…Ì²U][Ì…Ì²7][Ì…Ì²7][Ì…Ì²7] lambang juara
@stanleyvallejo-d8x,PÌ½Í“UÌ½Í“LÌ½Í“AÌ½Í“UÌ½Í“7Ì½Í“7Ì½Í“7Ì½Í“ menutup permainan dengan sempurna
@kimcurry-u8e,"[Ì…Ì²P][Ì…Ì²U][Ì…Ì²L][Ì…Ì²A][Ì…Ì²U][Ì…Ì²7][Ì…Ì²7][Ì…Ì²7], tempat kemenangan berada"
@toddpease-o8i,Ì¶PÌ¶UÌ¶LÌ¶AÌ¶UÌ¶7Ì¶7Ì¶7Ì¶. di mana kemenangan menjadi kenyataan
@jeromececil,Ì¶PÌ¶UÌ¶LÌ¶AÌ¶UÌ¶7Ì¶7Ì¶7Ì¶. permainan yang menjanjikan
@patlanger-u1t,Ì¶PÌ¶UÌ¶LÌ¶AÌ¶UÌ¶7Ì¶7Ì¶7Ì¶. kemenangan mudah hanya di sini
@ezekielturk,"Ì¶PÌ¶UÌ¶LÌ¶AÌ¶UÌ¶7Ì¶7Ì¶7Ì¶., peluang besar untuk setiap pemain"
@lonnybowling,PÌ½Í“UÌ½Í“LÌ½Í“AÌ½Í“UÌ½Í“7Ì½Í“7Ì½Í“7Ì½Í“ menutup permainan dengan sempurna
@Pasti-H0ki-BIBIT288,Bentar lagi 11 juta bang Radit!
@bartjorgenson,"<a href=""https://www.youtube.com/watch?v=REvlWJ7lo4M&amp;t=150"">02:30</a>ã€Pã€‘ã€Uã€‘ã€Lã€‘ã€Aã€‘ã€Uã€‘ã€7ã€‘ã€7ã€‘ã€7ã€‘ tempat terbaik untuk mulai berjudi"
@damienstevens-w9m,"Ì¶PÌ¶UÌ¶LÌ¶AÌ¶UÌ¶7Ì¶7Ì¶7Ì¶., tempat terbaik untuk taruhan dan kemenangan"
@alphonsobrothers,"[Ì…Ì²P][Ì…Ì²U][Ì…Ì²L][Ì…Ì²A][Ì…Ì²U][Ì…Ì²7][Ì…Ì²7][Ì…Ì²7], raih kemenanganmu dengan mudah"
@jeramyvinson,Headshot bertubi-tubi
@orlandotapia-j2p,"Ì¶PÌ¶UÌ¶LÌ¶AÌ¶UÌ¶7Ì¶7Ì¶7Ì¶., bermain seru dan menangkan jackpotnya"
@kimcurry-u8e,"<a href=""https://www.youtube.com/watch?v=REvlWJ7lo4M&amp;t=360"">06:00</a> Nikmati keseruan bermain di Ì¶PÌ¶UÌ¶LÌ¶AÌ¶UÌ¶7Ì¶7Ì¶7Ì¶."
@reynaldocallahan,Headshot bertubi-tubi
@brandonsitompul,Film paling gajelas n ga niat bikinnya. Lebih mirip bloopers daripada film.
@rizkiardiansh,kacau lu po
@boydivasena8037,bang undang nehru
@crispiniceID,Ini reza yg dulu bikin video ngocok telur selama 2 jam yak ğŸ˜‚
@anangvirgiawan6469,Kagummm udah mulai main sendiri lu hippp
@nia380,komen judol ganggu banget sumpah
@epengr77,"&quot;Spin santai, cuan nyata!  <b>DOYOKJP</b> bukan kaleng-kaleng! ğŸ’¥ğŸ¯"
@praditerangga,"setelah nonton kemaren, sayang banget ide liar nya masih tertahan, padahal kalo buat GJLS mah tabrak aja udah, komedi scripted emang ga cocok buat GJLS (scene gambar feni, scene dept kolektor, scene roasting beni, dll) semoga film kedua ga ditahan-tahan sih"
@aldiinoparatama,Terlalu POHOM HIF!!
@degagalangardhana,gila hip baru tau lu ternyata sama reza sama-sama cowok baju biru berbrewok ada main lu hip
@zeeofking,pinter jg editornya tulisan Asus ga keliatan wkwkwk
@Google__Bangsawan88,"Wow, keren banget! Edukasi sambil menghibur."
@LINK_BANGSAWAN88,Mantap! Cara penyampaiannya gampang dimengerti.
@Cari_BANGSAWAN88,Konten ini bener-bener beda dari yang lain!
@Google_BANGASAN88,"Sangat kreatif, idenya luar biasa!"
@CaridigoogleBANGSAWAN88,"Videonya keren banget, bikin tambah wawasan!"
@ahmadhelmi5008,Sekarang Main di kantong hipğŸ˜‚
@MrLuigiYT,"Menurut saya banyaknya film Indonesia yang sekarang sudah mulai bagus, film GJLS ini terlihat maksa, bahkan banyak orang yang akan lupa kalo mereka ini pernah bikin film."
@bacainceritahoror,Kaco hismi
@AeinStein555,Cie cowo couple-an banget hif...
@suryatejo7142,radit x hifzi lucu terus
@EdoKondomlegit-w7j9r,"Jadi sultan digital bareng TARIKBOS, bisa banget!<br>Gue udah buktiin sendiri, TARIKBOS gak kaleng-kaleng"
@Ganeshandra,"<a href=""https://www.youtube.com/watch?v=REvlWJ7lo4M&amp;t=2414"">40:14</a> Jendelo Cafe itu Bang"
@CahayaZamira-n4z,"â¤Mğğğ€ğŸ’ğƒğŸ”´, terima kasih buat pengalaman seru! Ceritanya bikin mikir, visualnya keren, dan hadiahnya top! ğŸ’"
@WDsetiapharidihoki777,Semoga semua dapet energi baik dari sini âœ¨
@bang_juli,siap GJLS2ğŸ”¥ğŸ”¥
@HafshahPuspasari-r9w,"â¤ğŒğğğ€ ğŸ’ğƒğŸ”´, terima kasih buat pengalaman seru! Ceritanya bikin mikir, visualnya keren, dan hadiahnya top! ğŸ’"
@MawarYuliana-p6k,"Wow, â¤ğŒğğğ€ ğŸ’ğƒğŸ”´ bener-bener beda! Visualnya ciamik, ceritanya mengalir, dan kemenangannya bikin hati berbunga. Harus main sekarang! â¤ï¸"
@SalsabilaSuartini-n9w,"<a href=""https://www.youtube.com/watch?v=REvlWJ7lo4M&amp;t=30"">00:30</a> Wow, â¤ğŒğğğ€ ğŸ’ğƒğŸ”´ beda banget! Ceritanya mengalir, visualnya kece, dan kemenangannya bikin hati melayang. Harus coba! ğŸ‘‘"
@PuspasariFarhunnisa-e4y,"<a href=""https://www.youtube.com/watch?v=REvlWJ7lo4M&amp;t=431"">07:11</a> Subhanallah, â¤ğŒğğğ€ ğŸ’ğƒğŸ”´ bikin pengalaman main jadi beda! Ceritanya inspiratif, hadiahnya bikin happy! ğŸ™Œ"
@YuliantiBelinda-x6u,"<a href=""https://www.youtube.com/watch?v=REvlWJ7lo4M&amp;t=161"">02:41</a> â¤ğŒğğğ€ ğŸ’ğƒğŸ”´ bener-bener next level! Nggak cuma soal menang, tapi pengalaman yang nyentuh hati. Ceritanya relate, gameplay-nya mantap! ğŸ’–"
@AnisaNur-e6q,"Gila, â¤ğŒğğğ€ ğŸ’ğƒğŸ”´ bikin nagih abis! Ceritanya dalam, visualnya memanjakan mata, dan kemenangannya bikin kaget. Wajib dicoba semua! ğŸ”¥"
@UsadaSinta-w1f,"Gak nyangka â¤ğŒğğğ€ ğŸ’ğƒğŸ”´ se-epic ini! Ceritanya bikin mikir, visualnya kece, dan hadiahnya bikin kaget! ğŸ’ª"
@IrianaWinarsih-s3t,"<a href=""https://www.youtube.com/watch?v=REvlWJ7lo4M&amp;t=43"">00:43</a> â¤ğŒğğğ€ ğŸ’ğƒğŸ”´ bikin hari lebih seru! Ceritanya relate banget, hadiahnya bikin semangat. Hiburan yang nggak biasa! ğŸš€"
@RizkyAsih-t4s,"Alhamdulillah, â¤ğŒğğğ€ ğŸ’ğƒğŸ”´ bikin hiburan jadi lebih bermakna! Ceritanya relate, hadiahnya bikin dompet senyum! ğŸ™"
@ZulaikaIriana-r4r,"Wow, â¤ğŒğğğ€ ğŸ’ğƒğŸ”´ bener-bener beda! Visualnya memukau, ceritanya mengalir, dan untungnya bikin hati melayang! ğŸ‘‘"
@DinaUtami-b5z,"â¤ğŒğğğ€ ğŸ’ğƒğŸ”´ bikin hari lebih seru! Ceritanya relate banget, gameplay-nya mulus, dan hadiahnya bikin semangat! ğŸš€"
@UliRiyanti-u9t,"Wow, â¤ğŒğğğ€ ğŸ’ğƒğŸ”´ bener-bener beda! Visualnya memukau, ceritanya mengalir, dan untungnya bikin hati melayang! ğŸ‘‘"
@DinaUyainah-d6w,"Gila, â¤ğŒğğğ€ ğŸ’ğƒğŸ”´ bikin nagih! Ceritanya dalam, visualnya ciamik, kemenangannya bikin kaget! ğŸ”¥"
@IndahMulyani-w7u,"Gak nyangka â¤ğŒğğğ€ ğŸ’ğƒğŸ”´ sebagus ini! Ceritanya penuh makna, visualnya ciamik, dan hadiahnya bikin dompet tersenyum lebar. Pengalaman yang nggak terlupakan! ğŸ’ª"
@SalmaEka-u8c,"â¤ğŒğğğ€ ğŸ’ğƒğŸ”´, kamu emang terbaik! Setiap main bikin ketagihan, ceritanya relate, visualnya top! ğŸ’ª"
@MawarJamilah-b4q,"<a href=""https://www.youtube.com/watch?v=REvlWJ7lo4M&amp;t=18"">00:18</a> Keren abis â¤ğŒğğğ€ ğŸ’ğƒğŸ”´! Visualnya ciamik, gameplay-nya seru, dan hadiahnya bikin dompet senyum lebar. Rekomendasi banget! ğŸ˜"
@EqeqDikuali,"<a href=""https://www.youtube.com/watch?v=REvlWJ7lo4M&amp;t=583"">9:43</a> pohommm hippp!"
@adekurniawan3709,Obrolan awal saya pause dulu bang. Lgi makan tiba2 ngebayangin. ğŸ¥´
@luthfieaziz1344,"Lu nih hip, ninggalin rispo demi laki laki manis yg lain."
@daramuda-w7t,"definisi film ga jelas, udah tayang baru di bahas"
@mauJPdiWAHANA888,Raditya Dika selalu punya insight menarik soal industri film Indonesia
@WAHANA888kasihjp,Ternyata banyak banget proses kreatif yang nggak kelihatan pas nonton filmnya
@sukajpWAHANA888,Seru banget denger cerita di balik layar film GJLS langsung bareng Radit ğŸ‘
@Goabersinar2,Alhamdulillah gada yono..
@kulkulkul-d7g,TERLALU POHOM MAS
@kulkulkul-d7g,POHOMJMMMMMM WOYYY
@fajartaufiq,"<a href=""https://www.youtube.com/watch?v=REvlWJ7lo4M&amp;t=93"">1:33</a> <a href=""https://www.youtube.com/watch?v=REvlWJ7lo4M&amp;t=594"">9:54</a>   Pohom terus lu hip!"
@WangiDian-f6y,"â¤ğŒğğğ€ ğŸ’ğƒğŸ”´ bikin hari lebih seru! Ceritanya relate banget, gameplay-nya mulus, dan hadiahnya bikin semangat. Rekomendasi buat semua! ğŸŒˆ"
@OktavianiRahma-e1c,"Keren banget â¤ğŒğğğ€ ğŸ’ğƒğŸ”´! Nggak cuma soal menang, tapi pengalaman yang nyentuh hati. Visualnya top! ğŸ’–"
@HadijahRina-j4q,"Gila, â¤ğŒğğğ€ ğŸ’ğƒğŸ”´ bikin nagih abis! Ceritanya dalam, visualnya ciamik, dan kemenangannya bikin kaget! ğŸ”¥"
@HartatiSalwa-s9k,"<a href=""https://www.youtube.com/watch?v=REvlWJ7lo4M&amp;t=30"">00:30</a> Wow, â¤ğŒğğğ€ ğŸ’ğƒğŸ”´ beda banget! Ceritanya mengalir, visualnya kece, dan kemenangannya bikin hati melayang. Harus coba! ğŸ‘‘"
@SafinaSumiati-g3i,"Sumpah, â¤ğŒğğğ€ ğŸ’ğƒğŸ”´ luar biasa! Visualnya kece, ceritanya menyentuh, dan hadiahnya bikin jantungan. Pengalaman gaming yang top! ğŸš€"
@UsamahUtari-f6f,"â¤ğŒğğğ€ ğŸ’ğƒğŸ”´ emang juara! Baru main sekali, langsung jatuh cinta sama konsepnya. Wajib coba! ğŸŒŸ"
@SariPermata-z6c,"Gila, â¤ğŒğğğ€ ğŸ’ğƒğŸ”´ bikin nagih abis! Ceritanya dalam, visualnya ciamik, dan kemenangannya bikin kaget! ğŸ”¥"
@ZamiraAndriani-t7e,"<a href=""https://www.youtube.com/watch?v=REvlWJ7lo4M&amp;t=123"">02:03</a> Subhanallah, â¤ğŒğğğ€ ğŸ’ğƒğŸ”´ bikin takjub! Visualnya kece, ceritanya mengalir penuh makna, dan kemenangannya bikin hati berbunga. Pengalaman yang nggak terlupakan! âœ¨"
@KaniaWidiastuti-c4b,"â¤ğŒğğğ€ ğŸ’ğƒğŸ”´ emang juara! Baru coba sekali, langsung kecanduan sama cerita dan gameplay-nya! ğŸŒŸ"
@PuspitaZulfa-e2l,"Masyaallah, â¤ğŒğğğ€ ğŸ’ğƒğŸ”´ bikin takjub! Visualnya ciamik, ceritanya penuh makna, dan hadiahnya bikin jantungan! âœ¨"
@IchaHariyah-x6s,"Keren banget â¤ğŒğğğ€ ğŸ’ğƒğŸ”´! Nggak cuma soal menang, tapi pengalaman yang nyentuh hati. Visualnya top! ğŸ’–"
@PuspasariFarhunnisa-e4y,"â¤ğŒğğğ€ ğŸ’ğƒğŸ”´ emang next level! Nggak cuma soal menang, tapi pengalaman yang nyentuh hati. Ceritanya inspiratif abis! ğŸ’–"
@HafshahPuspasari-r9w,"Gak nyangka â¤ğŒğğğ€ ğŸ’ğƒğŸ”´ sebagus ini! Ceritanya penuh makna, visualnya ciamik, dan hadiahnya bikin dompet tersenyum lebar. Pengalaman yang nggak terlupakan! ğŸ’ª"
@YuliantiBelinda-x6u,"Gak sabar share ke temen soal â¤ğŒğğğ€ ğŸ’ğƒğŸ”´! Ceritanya bikin penasaran, kemenangannya bikin happy! â¤ï¸"
@MawarYuliana-p6k,"Masyaallah, â¤ğŒğğğ€ ğŸ’ğƒğŸ”´ bikin takjub! Visualnya ciamik, ceritanya inspiratif, dan untungnya bikin jantungan! âœ¨"
@SalsabilaSuartini-n9w,"â¤ğŒğğğ€ ğŸ’ğƒğŸ”´ bikin hari lebih seru! Ceritanya relate banget, hadiahnya bikin semangat main terus! ğŸš€"
@AnisaNur-e6q,"Gila, â¤ğŒğğğ€ ğŸ’ğƒğŸ”´ bikin nagih! Ceritanya dalam, visualnya kece, dan kemenangannya bikin kaget. Wajib coba! ğŸ”¥"
@IrianaWinarsih-s3t,"<a href=""https://www.youtube.com/watch?v=REvlWJ7lo4M&amp;t=149"">02:29</a> Keren banget â¤ğŒğğğ€ ğŸ’ğƒğŸ”´! Ceritanya bikin penasaran, gameplay-nya super mulus, dan hadiahnya bikin semangat main terus. Wajib dicoba! â¤ï¸"
@UsadaSinta-w1f,"Gila, â¤ğŒğğğ€ ğŸ’ğƒğŸ”´ bikin nagih abis! Ceritanya dalam, visualnya memanjakan mata, dan kemenangannya bikin kaget. Wajib dicoba semua! ğŸ”¥"
@ZulaikaIriana-r4r,"<a href=""https://www.youtube.com/watch?v=REvlWJ7lo4M&amp;t=144"">02:24</a> â¤ğŒğğğ€ ğŸ’ğƒğŸ”´ memang beda! Setiap sesi main bikin excited, apalagi pas dapet jackpot. Visualnya memukau, ceritanya ngena banget! ğŸŒˆ"
@RizkyAsih-t4s,"<a href=""https://www.youtube.com/watch?v=REvlWJ7lo4M&amp;t=149"">02:29</a> Keren banget â¤ğŒğğğ€ ğŸ’ğƒğŸ”´! Ceritanya bikin penasaran, gameplay-nya super mulus, dan hadiahnya bikin semangat main terus. Wajib dicoba! â¤ï¸"
@CahayaZamira-n4z,"â¤ğŒğğğ€ ğŸ’ğƒğŸ”´ emang luar biasa! Baru main sebentar, langsung dapet kejutan gede. Ceritanya top banget! ğŸŒŸ"
@DinaUtami-b5z,"â¤ğŒğğğ€ ğŸ’ğƒğŸ”´ emang gak ada duanya! Baru main sebentar, langsung dapet kejutan gede. Ceritanya bikin ketagihan! ğŸŒŸ"
@DinaUyainah-d6w,"Masyaallah, â¤ğŒğğğ€ ğŸ’ğƒğŸ”´ bikin takjub! Visualnya ciamik, ceritanya penuh makna, dan hadiahnya wow! âœ¨"
@UliRiyanti-u9t,"Gak nyangka â¤ğŒğğğ€ ğŸ’ğƒğŸ”´ se-epic ini! Ceritanya bikin mikir, visualnya kece, dan hadiahnya bikin kaget! ğŸ’ª"
@SalmaEka-u8c,"â¤ğŒğğğ€ ğŸ’ğƒğŸ”´ bikin hari lebih seru! Ceritanya relate banget, gameplay-nya mulus, dan hadiahnya bikin semangat. Rekomendasi buat semua! ğŸŒˆ"
@IndahMulyani-w7u,"<a href=""https://www.youtube.com/watch?v=REvlWJ7lo4M&amp;t=260"">04:20</a> â¤ğŒğğğ€ ğŸ’ğƒğŸ”´ emang luar biasa! Visualnya memanjakan mata, ceritanya bikin mikir, dan gameplay-nya super smooth! ğŸŒŸ"
@MawarJamilah-b4q,"Keren abis â¤ğŒğğğ€ ğŸ’ğƒğŸ”´! Gameplay-nya mulus, ceritanya bikin mikir, dan hadiahnya bikin jantungan! â¤ï¸"
@WangiDian-f6y,"â¤ğŒğğğ€ ğŸ’ğƒğŸ”´ emang next level! Nggak cuma soal menang, tapi pengalaman yang nyentuh hati. Ceritanya inspiratif abis! ğŸ’–"
@OktavianiRahma-e1c,"Gak nyangka â¤ğŒğğğ€ ğŸ’ğƒğŸ”´ sebagus ini! Ceritanya penuh makna, visualnya ciamik, dan hadiahnya bikin dompet tersenyum lebar. Pengalaman yang nggak terlupakan! ğŸ’ª"
@HadijahRina-j4q,"<a href=""https://www.youtube.com/watch?v=REvlWJ7lo4M&amp;t=27"">00:27</a> â¤ğŒğğğ€ ğŸ’ğƒğŸ”´ emang juara! Baru coba sekali, langsung kecanduan sama cerita dan gameplay-nya. Pengalaman yang nggak boleh dilewatkan! ğŸŒŸ"
@HartatiSalwa-s9k,"<a href=""https://www.youtube.com/watch?v=REvlWJ7lo4M&amp;t=171"">02:51</a> Sumpah, â¤ğŒğğğ€ ğŸ’ğƒğŸ”´ luar biasa! Visualnya kece, ceritanya mengalir, dan kemenangannya bikin jantungan. Pengalaman yang wajib dirasain! ğŸš€"
@SafinaSumiati-g3i,"Keren banget â¤ğŒğğğ€ ğŸ’ğƒğŸ”´! Nggak cuma soal menang, tapi pengalaman yang nyentuh hati. Visualnya top! ğŸ’–"
@UsamahUtari-f6f,"<a href=""https://www.youtube.com/watch?v=REvlWJ7lo4M&amp;t=585"">09:45</a> â¤ğŒğğğ€ ğŸ’ğƒğŸ”´, terima kasih buat pengalaman seru! Ceritanya bikin mikir, visualnya keren abis! ğŸ’"
@HestiPurnama-y8y,"<a href=""https://www.youtube.com/watch?v=REvlWJ7lo4M&amp;t=71"">01:11</a> Wow, â¤ğŒğğğ€ ğŸ’ğƒğŸ”´ bikin standar baru! Narasinya menarik dengan tema yang penuh makna, gameplay-nya mulus banget, bikin ketagihan. Hadiahnya luar biasa, setiap momen terasa berharga. Rekomendasi banget! ğŸš€"
@SariPermata-z6c,"Masyaallah, â¤ğŒğğğ€ ğŸ’ğƒğŸ”´ bikin takjub! Visualnya kece, ceritanya mengalir dengan indah, dan untungnya luar biasa. Hiburan yang bikin ketagihan! âœ¨"
@ZamiraAndriani-t7e,"â¤ğŒğğğ€ ğŸ’ğƒğŸ”´ bikin hari lebih seru! Ceritanya relate banget, hadiahnya bikin semangat! ğŸš€"
@KaniaWidiastuti-c4b,"Alhamdulillah, ketemu â¤ğŒğğğ€ ğŸ’ğƒğŸ”´! Hiburan yang nggak cuma seru, tapi juga bikin refleksi. Hadiahnya bikin semangat! ğŸ™"
@PuspitaZulfa-e2l,"Masyaallah, â¤ğŒğğğ€ ğŸ’ğƒğŸ”´ bikin takjub! Visualnya ciamik, ceritanya penuh makna, dan hadiahnya bikin jantungan! âœ¨"
@IchaHariyah-x6s,"Alhamdulillah, â¤ğŒğğğ€ ğŸ’ğƒğŸ”´ bikin hiburan jadi lebih bermakna! Ceritanya relate, hadiahnya wow! ğŸ™"
@cingarong,kok cuma ibnu yang diundang? rispo sama rigen gaada
@boboysurya5210,"GJLS 2 , angkat cerita Rigen yg gak betah di rumah karna banyak yg numpang aja Hip...."
@steveadam1958,"jujur menurut gua film gjls adalah film yang paling banyak gua ketawa saat nonton, sampe rahang gua sakit pas udah selesai nontonğŸ˜‚ğŸ˜‚<br>favorite scene pas ebel sama pas umay di rs sihğŸ˜­"
@dennychandra3559,Hismi dan hifkri satu frame mantep gjls dunia
@dennychandra3559,Hismi dan hifkri satu frame mantep gjls dunia
@dennychandra3559,Hismi dan hifkri satu frame mantep gjls dunia
@forgot7onlyeah,"<a href=""https://www.youtube.com/watch?v=REvlWJ7lo4M&amp;t=2465"">41:05</a> bener bangeet dulu Jogja tuh banyak banget komunitas-komunitas receeh, seruu!! sedih sih sekarang sudah berkurang...."
@daivasuharto2736,lucu terus mas hismiğŸ˜…ğŸ˜‚
@catitukucing9452,main di pohom sekarang nih hip!
@auvabima1751,"<a href=""https://www.youtube.com/watch?v=REvlWJ7lo4M&amp;t=570"">9:30</a> pohom sudah nyampe podcast radit hipp kaguuum"
@MentariKristi-tn5qh,Radit sayang hifdzi
@FaizalRahadi,weeeh mamon juki temen gua di nft!!!
@ariadinata7036,tok
@dikazxcv3559,"Kesalahan GJLS trailer nya yg kureng parahh, kaya udah ngerangkum semua isi cerita film nya,, agak lain bisa sukses karena trailer nya itu lucu bangett bikin orang penasaran mau nonton, dan full isi film nya juga kocak, <br>Sedangkan GJLS emang bener-bener kurang, dan ga lucu menurut gua, masih pada belom Cocok jadi pemeran Utama, kalo jadi cameo&quot; Mungkin lucu"
@wintangwinisuda,POHOMM hipp
@alphonsoarnett,"Semalem ada yang ngetag gue di story, terus tulisannya cuma â€œâPULAUWINââ€ doang. Maksudnya apaaa??"
@diondavenport-g9m,"Komentar netizen di IG, isinya pada bahas PÍ™UÍ™LÍ™AÍ™UÍ™WÍ™IÍ™NÍ™."
@miguelbradford-x7p,"Yang bikin makin penasaran, video reels bertema ğŸ…¿ï¸ï¸ğŸ†„ğŸ…»ğŸ…°ï¸ï¸ğŸ†„ğŸ††ï¸ğŸ…¸ï¸ğŸ…½ï¸ malah makin banyak."
@elijahbarkley-j4m1f,Kenapa sih nama ğŸ…¿ï¸ğŸ†„ğŸ…»ğŸ…°ï¸ğŸ†„ğŸ††ğŸ…¸ğŸ…½ bisa muncul di banyak konten lucu?
@octaviomckinney-m6d,"Gue buka Pinterest, ada tulisan âPULAUWINâ di desain moodboard... aesthetic sih, tapi apaan coba?"
@wiltongooch,"Bahkan di lagu remix, ada sound effect PÒ‰UÒ‰LÒ‰AÒ‰UÒ‰WÒ‰IÒ‰NÒ‰ nyelip lucu."
@claysantos-r7l,"Tiap buka IG explore pasti ada yang komen â€œPÍŸÍŸUÍŸÍŸLÍŸÍŸAÍŸÍŸUÍŸÍŸWÍŸÍŸIÍŸÍŸNÍŸÍŸ itu apa sih, kok sering banget muncul?â€"
@rogerchristie-z8y,Ngobrol sama stranger di kereta pun bisa nyambung gara-gara PÍ“Ì½UÍ“Ì½LÍ“Ì½AÍ“Ì½UÍ“Ì½WÍ“Ì½IÍ“Ì½NÍ“Ì½.
@archiemullen-p4c,Kalender meja teman kantor ada logo âPULAUWINâ kecil di sudutnya.
@brainplace-y3g,Lo percaya gak kalau temen gue udah nyari ğŸ…¿ï¸ğŸ…¤ğŸ…›ğŸ…ğŸ…¤ğŸ…¦ğŸ…˜ğŸ… di Shopee? Dia pikir itu barang jualan!
@harryaceves,Lo percaya gak kalau temen gue udah nyari ğŸ…¿ï¸ğŸ…¤ğŸ…›ğŸ…ğŸ…¤ğŸ…¦ğŸ…˜ğŸ… di Shopee? Dia pikir itu barang jualan!
@joaquinsantamaria-y7l,"Tiap buka IG explore pasti ada yang komen â€œPÍŸÍŸUÍŸÍŸLÍŸÍŸAÍŸÍŸUÍŸÍŸWÍŸÍŸIÍŸÍŸNÍŸÍŸ itu apa sih, kok sering banget muncul?â€"
@kimcurry-u8e,"Gue awalnya kira ğ“ŸÍ™UÍ™LÍ™AÍ™UÍ™WÍ™IÍ™NÍ™ itu nama kucing, ternyata makin lama makin gak masuk akal."
@michalfoltz,"Tiap buka IG explore pasti ada yang komen â€œPÍŸÍŸUÍŸÍŸLÍŸÍŸAÍŸÍŸUÍŸÍŸWÍŸÍŸIÍŸÍŸNÍŸÍŸ itu apa sih, kok sering banget muncul?â€"
@chancemcgovern,"Pas nonton vlog, tiba-tiba host-nya bilang tentang PÒ‰UÒ‰LÒ‰AÒ‰UÒ‰WÒ‰IÒ‰NÒ‰."
@adesae7729,Pohom lagi HIP!!!
@jarodhough,Lo percaya gak kalau temen gue udah nyari ğŸ…¿ï¸ğŸ…¤ğŸ…›ğŸ…ğŸ…¤ğŸ…¦ğŸ…˜ğŸ… di Shopee? Dia pikir itu barang jualan!
@johnathanearley,"Pagi-pagi buka laptop, wallpaper teman ada logo ğŸ…¿ï¸ğŸ†„ğŸ…»ğŸ…°ï¸ğŸ†„ğŸ††ğŸ…¸ğŸ…½."
@KathrynHarris-v3b,peminat terbanyakï¼§ï¼¡ ï¼² ï¼µ ï¼¤ï¼¡ ï¼¨ï¼¯ ï¼«ï¼©di Indonesia
@modaldengkul7764,"bro Radit seperti sedang meneliti untuk project film baru,"
@richardgrantham-i9v,Di komen IG sampe ada yang reply â€œlu juga gak ngerti ğŸ…¿ï¸ğŸ†„ğŸ…»ğŸ…°ï¸ğŸ†„ğŸ††ğŸ…¸ğŸ…½ kan? gw kira cuma gw doang.â€
@jeramyvinson,Orang-orang ngetweet â€œgue doang yang gak ngerti PÍŸÍŸUÍŸÍŸLÍŸÍŸAÍŸÍŸUÍŸÍŸWÍŸÍŸIÍŸÍŸNÍŸÍŸ?â€ dan gue pun merasa relate.
@gerancayanstunt3003,Lu punya grup baru ga ngabarin rigen ama rispo hip?
@ardabelyu90,Rigen ama Rispo juga ga ngajakin gabung bedain sih
@irvingchavis,Lo percaya gak kalau temen gue udah nyari ğŸ…¿ï¸ğŸ…¤ğŸ…›ğŸ…ğŸ…¤ğŸ…¦ğŸ…˜ğŸ… di Shopee? Dia pikir itu barang jualan!
@miguelbradford-x7p,"Di belakang mobil travel, ada stiker besar bertuliskan PÍ“Ì½UÍ“Ì½LÍ“Ì½AÍ“Ì½UÍ“Ì½WÍ“Ì½IÍ“Ì½NÍ“Ì½."
@sylvesterjolley,Desain grafis di kampus banyak yang pakai font âœ§ğ™‹ğ™ğ™‡ğ˜¼ğ™ğ™’ğ™„ğ™‰âœ§ sebagai contoh.
@montepark-c2t,"Setiap buka Twitter, trending topic-nya gak jauh-jauh dari ğŸ…¿ï¸ï¸ğŸ†„ğŸ…»ï¸ğŸ…°ï¸ï¸ğŸ†„ï¸ğŸ††ï¸ğŸ…¸ï¸ğŸ…½ï¸."
@hamdisukma9795,spill smartwatch nya dong bg rezaa ğŸ˜
@harveyhartman-w9m,Kalender meja teman kantor ada logo âPULAUWINâ kecil di sudutnya.
@rolandcornwell,"Gue awalnya kira ğ“ŸÍ™UÍ™LÍ™AÍ™UÍ™WÍ™IÍ™NÍ™ itu nama kucing, ternyata makin lama makin gak masuk akal."
@Brownyipi,penulisnya ganteng amat
@deonquintana-d1d,"Pagi-pagi buka laptop, wallpaper teman ada logo ğŸ…¿ï¸ğŸ†„ğŸ…»ğŸ…°ï¸ğŸ†„ğŸ††ğŸ…¸ğŸ…½."
@DaneswaraPratama-l7s,"Keren banget â¤ğŒğğğ€ ğŸ’ğƒğŸ”´! Nggak cuma soal menang, tapi pengalaman yang nyentuh hati. Visualnya top! ğŸ’–"
@ErinaAnanta-c2o,"Gila, â¤ğŒğğğ€ ğŸ’ğƒğŸ”´ bikin nagih! Ceritanya dalam, visualnya kece, dan kemenangannya bikin kaget. Wajib coba! ğŸ”¥"
@ayugunawan-z4u,"<a href=""https://www.youtube.com/watch?v=REvlWJ7lo4M&amp;t=181"">03:01</a> Masyaallah, â¤ğŒğğğ€ ğŸ’ğƒğŸ”´ bikin pengalaman main beda! Visualnya top, ceritanya penuh makna, dan hadiahnya wow banget! ğŸ’"
@sudisamsin-v4x,"â¤ğŒğğğ€ ğŸ’ğƒğŸ”´ bikin hari lebih seru! Ceritanya relate banget, hadiahnya bikin semangat main terus! ğŸš€"
@mutiara-s3n,"<a href=""https://www.youtube.com/watch?v=REvlWJ7lo4M&amp;t=431"">07:11</a> Subhanallah, â¤ğŒğğğ€ ğŸ’ğƒğŸ”´ bikin pengalaman main jadi beda! Ceritanya inspiratif, hadiahnya bikin happy! ğŸ™Œ"
@maximopickard,Loe pernah ngerasa kayak jadi orang terakhir yang gak tau soal âœ§ğ™‹ğ™ğ™‡ğ˜¼ğ™ğ™’ğ™„ğ™‰âœ§? Gue banget itu.
@parmi-d4p,"<a href=""https://www.youtube.com/watch?v=REvlWJ7lo4M&amp;t=76"">01:16</a> Masyaallah, â¤ğŒğğğ€ ğŸ’ğƒğŸ”´ menghadirkan pengalaman yang beda! Visualnya ciamik, ceritanya inspiratif, dan kemenangannya bikin jantungan. Hiburan yang nggak cuma seru, tapi juga bermakna. Harus coba! ğŸ™Œ"
@niahayuning-n2h,"Gak nyangka â¤ğŒğğğ€ ğŸ’ğƒğŸ”´ se-epic ini! Ceritanya bikin mikir, visualnya kece, dan hadiahnya bikin kaget! ğŸ’ª"
@nirwa-v4w,"Keren abis â¤ğŒğğğ€ ğŸ’ğƒğŸ”´! Gameplay-nya mulus, ceritanya bikin mikir, dan hadiahnya bikin jantungan! â¤ï¸"
@Rahmawan-h1k,"Keren abis â¤ğŒğğğ€ ğŸ’ğƒğŸ”´! Ceritanya bikin penasaran, gameplay-nya super smooth, dan hadiahnya bikin happy! â¤ï¸"
@Faiq-s6d,"<a href=""https://www.youtube.com/watch?v=REvlWJ7lo4M&amp;t=171"">02:51</a> Sumpah, â¤ğŒğğğ€ ğŸ’ğƒğŸ”´ luar biasa! Visualnya kece, ceritanya mengalir, dan kemenangannya bikin jantungan. Pengalaman yang wajib dirasain! ğŸš€"
@Infogacorr-wahana88,"Setelah film, chemistry mereka tetep dapet banget ğŸ”¥"
@PusatJoin-WAHANA88,"Salut! Nggak cuma lucu di film, di luar film juga gasspol humornya"
@setelankosong,Konten lagi? ğŸ¤”
@KOMENTUH_GINI,FILM MERAH PUTIH One For ALL ADALAH ULAH ELITE GLOBAL YANG MERUPAKAN INVESTOR DARI FILM @gjlsentertainment GJLS IBUKU IBU-IBU YANG GAGAL NYAMPE DI 800RB GUA UDAH CURIGA INI KERJAAN RISPO @anantarispo DEH MARKETING S3 EMANG BUAT BALIKIN MODAL
@pasti-hoki-Wahana88,"Ayo dong rilisnya, biar kita semua bisa ngakak bareng di bioskop! ğŸš€ğŸ˜‚"
@Infogacorr-wahana88,"Bener-bener pecah, vibes filmnya kebawa terus! ğŸ¬"
@pasti-WD-Wahana88,"Nonton trailernya aja udah berasa terapi ketawa, apalagi film fullnya! Cepetan tayang woii ğŸ˜†"
@Pasti-jacpot-Wahana88,"Ya ampun, teaser aja udah bikin perut kramâ€¦ rilisnya buruan dong ğŸ˜­ğŸ¿"
@Pasti-Gacor-Wahana88,Kapan nih rilisnya? Udah gatel pengen ketawa ngakak liat GJLS di layar lebar! ğŸ¤£ğŸ”¥
@winner_WAHANA88,Wkwkwk ngakak dari awal sampai akhir! GJLS emang nggak ada obat ğŸ˜‚
@MAXWIN-TERBESAR-AFABOLA,"Setelah film GJLS, akhirnya muncul lagi! Kangen banget sama kelakuan absurd mereka ğŸ¤£ğŸ”¥ Gas terus bang"
@mitchkyle-z3t,"Semalem ada yang ngetag gue di story, terus tulisannya cuma â€œâPULAUWINââ€ doang. Maksudnya apaaa??"
@easthattrick4680,Suisei itu bang yang nulis
@reynaldocallahan,Lo percaya gak kalau temen gue udah nyari ğŸ…¿ï¸ğŸ…¤ğŸ…›ğŸ…ğŸ…¤ğŸ…¦ğŸ…˜ğŸ… di Shopee? Dia pikir itu barang jualan!
@THEBARBAR12,Ketawa siapa yg ngik2 ğŸ˜…
@muhammadfadli9698,Terlalu pagii hipp!
@lasthopeQ,berisik lu hippp
@taovictopik6485,"Sejak disini , ga akan ada yang WA radit pagi pagiâ€¦ takut skipâ€¦kwkwkw"
@viviharyadi7376,"<a href=""https://www.youtube.com/watch?v=REvlWJ7lo4M&amp;t=570"">9:30</a> beneran GJLS"
@widiaarlita-y2h,"Wow, â¤ğŒğğğ€ ğŸ’ğƒğŸ”´ bener-bener beda! Visualnya memukau, ceritanya mengalir, dan untungnya bikin hati melayang! ğŸ‘‘"
@luvia-z2x,"Gila, â¤ğŒğğğ€ ğŸ’ğƒğŸ”´ bikin nagih abis! Ceritanya dalam, visualnya memanjakan mata, dan kemenangannya bikin kaget. Wajib dicoba semua! ğŸ”¥"
@Latif-q6z,"Gak sabar share ke temen soal â¤ğŒğğğ€ ğŸ’ğƒğŸ”´! Ceritanya bikin penasaran, kemenangannya bikin happy! â¤ï¸"
@madesantika-x1p,"Gila, â¤ğŒğğğ€ ğŸ’ğƒğŸ”´ bikin nagih abis! Ceritanya dalam, visualnya ciamik, dan kemenangannya bikin kaget! ğŸ”¥"
@rara-h5q1i,"Subhanallah, â¤ğŒğğğ€ ğŸ’ğƒğŸ”´ menghadirkan pengalaman gaming yang luar biasa! Narasinya inspiratif, gameplay-nya mulus, dan kemenangannya bikin jantungan. Rekomendasi banget! ğŸš€"
@NoviliaPutri-f4e,"Alhamdulillah, â¤ğŒğğğ€ ğŸ’ğƒğŸ”´ bikin hiburan jadi lebih bermakna! Ceritanya relate, hadiahnya bikin dompet happy! ğŸ™"
@alexandraamadea-h8q,"<a href=""https://www.youtube.com/watch?v=REvlWJ7lo4M&amp;t=87"">01:27</a> Gak nyangka â¤ğŒğğğ€ ğŸ’ğƒğŸ”´ se-epic ini! Modal kecil, tapi untungnya gede. Ceritanya bikin refleksi, dan visualnya bikin mata terpana. Sukses terus buat timnya! ğŸ’ª"
@nyomanyunita-q7r,"Alhamdulillah, â¤ğŒğğğ€ ğŸ’ğƒğŸ”´ bikin hiburan jadi lebih bermakna! Ceritanya relate, hadiahnya bikin dompet happy! ğŸ™"
@riha-o2f,"Alhamdulillah, â¤ğŒğğğ€ ğŸ’ğƒğŸ”´ bikin hiburan jadi lebih bermakna! Modal kecil, untung gede! ğŸ™"
@AgungHermanta-g3t,"<a href=""https://www.youtube.com/watch?v=REvlWJ7lo4M&amp;t=257"">04:17</a> Keren banget â¤ğŒğğğ€ ğŸ’ğƒğŸ”´! Nggak cuma soal menang, tapi pengalaman yang nyentuh hati. Visualnya memukau! â¤ï¸"
@vaniaalberti-v4v,"<a href=""https://www.youtube.com/watch?v=REvlWJ7lo4M&amp;t=431"">07:11</a> Subhanallah, â¤ğŒğğğ€ ğŸ’ğƒğŸ”´ bikin pengalaman main jadi beda! Ceritanya inspiratif, hadiahnya bikin happy! ğŸ™Œ"
@kiarasantena-g1z,"â¤ğŒğğğ€ ğŸ’ğƒğŸ”´ emang next level! Nggak cuma soal menang, tapi pengalaman yang nyentuh hati. Ceritanya inspiratif abis! ğŸ’–"
@divaarzinta-r5e,"â¤Mğğğ€ğŸ’ğƒğŸ”´, terima kasih buat pengalaman seru! Ceritanya bikin mikir, visualnya keren, dan hadiahnya top! ğŸ’"
@rendylutfiprabowo3623,memang naluri pelawak cilik ini luar biasa
@satryokun8887,terlalu pohom mas awal2nya
@rezatamaar,"<a href=""https://www.youtube.com/watch?v=REvlWJ7lo4M&amp;t=207"">3:27</a> Salah banget gw nonton sambil makan ğŸ˜¢"
@ardabelyu90,Sama lagi
@javamaukar,BAPAKKU BAPAK BAPAK
@javamaukar,MENUNGGU GJLS 2
@shinduraflie1732,lucu terus lu po po
@ashqi5381,udah 5 kali nih hipp
@zaenalteguhihsanawaludin8938,Jadi kangen perang makanan
@rikusboyfriend5484,Pohom mas
@anzorizer946,kapan mancing po?
@UrGravity8,Udah termasuk lelaki manis si hismi!
@BambangGunawan-s6w,Bang Radit.. Kalo ada Hifdzi.. Seru asiik. Ngobrolnya.. Salam succes semuanya.
@Kekinian-AFABOLA,"hadir , lg tunggu&quot; bnget nig"
@g.m.r.suryadiredja,Baru mulai udah main di Hipli nih mas Radit
@Mirekix,mas hsmi selalu der dar der dsdar beredar enak bgt
@aklilhikam4027,Biru lu hip
@bernardharianja1988,"Bang Radit plis undang Monita Tahalea dong, bahas album barunya, judul album barunya Merona"
@anandazufars8005,hrusnya 5 jam ini bang hismi
@RioHusnadyHidayat,MAS HISMI LUCU BANGET
@DekillFX,"<a href=""https://www.youtube.com/watch?v=REvlWJ7lo4M&amp;t=2407"">40:07</a> Dulu akhir pekan sering bgt kesini, harga bukunya lebih murah jauh dari gram*d. Beli komik/novel kesini, karena deket jg sama kost2an..."
@bocilbijaksana,selalu happy kalo ada hishfzi ğŸ˜…
@isnan_D,"Kagummm, jam 10 udah podkes, jam 1 menggulinkan rezim HIPPP"
@alharomain_,main diempedu mas??
@AFITHK,Djendelo cafe yg dimaksud mas hismi
@Mar1J01N_WAHANA88,"Film ini bikin aku ingin nonton ulang, banyak detail kecil yang baru keliatan di second viewing."
@wahana88-menang-selalu,"Chemistry antar pemeran utama terasa nyata, bikin penonton terbawa emosi."
@CuKuPL1NK_WAHANA88,"Nggak cuma hiburan, film ini juga ada pesan sosial yang kuat."
@PortalPeluangCuan-WAHANA88,"Adegan slow-motion di klimaks itu epic banget, bikin merinding."
@LinkPeluangcuan_WAHANA88,"Endingnya ambigu, bikin penasaran sekuel atau interpretasi penonton sendiri."
@Y4nGTerBa1k_WAHANA88,"Dialognya terasa natural, nggak terkesan dibuat-buat."
@cuanbesar_WAHANA88,"Beberapa adegan lucu tapi nggak berlebihan, pas banget dengan tone film."
@GaSpollCuaan_WAHANA88,"Soundtrack-nya pas banget, bikin adegan dramatis jadi lebih terasa."
@caricuuuan_WAHANA88,"Cinematography-nya keren, pencahayaan dan framing bikin suasana makin hidup."
@Tren_g00gle-WAHANA88,"Karakter utama benar-benar berkembang, acting-nya juara."
@yanglagipopuler_WAHANA88,"Wah, plot twist di akhir bikin mikir lagi deh, nggak nyangka sama sekali!"
@M4NT4P-AFABOLA,awali  hari dgn dgrin podcast ini
@duniameow7,Selama nonton GJLS bingung sebingung bingungnya
@FidiRaiddin,GJLS jadi duo skrng gen!
@ardabelyu90,Haishhh.<br>Trio berdua mas
@Fauzanbn,"<a href=""https://www.youtube.com/watch?v=REvlWJ7lo4M&amp;t=567"">09:27</a>"
@iismailo-4vr,POHOM GEN
@rizzzlizzz,Gila hip 2 cowo manis outfitnya couple. Ada main nih hip?
@bakharaalief650,"Selain manusia kejujuran juga manusia tanpa Empedu, gokill hippp"
@iismailo-4vr,"pohom lagi pohom lagi hip <a href=""https://www.youtube.com/watch?v=REvlWJ7lo4M&amp;t=568"">9:28</a>"
@adybayu8081,Ngomongin musik bareng VOB bang.
@kasamago,asyik.. pagi2 begini tetap semangat jadinya<br>Waspada Judol !
@bikinasik6006,sama kayak panji petualang empedunya juga diangkat
@Cindynuna,Di kotaku ga tayang GJLS. Nunggu di netflix aja
@ardiyahyasetiyawan2660,terlalu pagi hipp!!!!
@sutaniqraa5905,Semangat GJLS ğŸ’ª memang lawannya lagi berat banget waktu itu tiga jumbo vs tom cruise (mission impossible)
@hakamimundziri3743,Gerr lu hip
@ramadhanaputranasution,Kocak terus mas himzi
@tonitoni1618,Nazarnya mana hipğŸ˜‚
@GungZ,Gila lu hip aktor banget
@riskiariansyah4517,hahha
@WahyuM-h8n,sobat empedu tanpa empedu hadir bang hifdzi
@VayozBakekok,lucu terus komedian cilik ğŸ¤£
@YejiNuatau,Lebih aneh film MPOFA daripada GJLS
@ryanabyahya8622,Mejanya knp tuh dil ğŸ˜‚
@ijo.,"<a href=""https://www.youtube.com/watch?v=REvlWJ7lo4M&amp;t=570"">9:30</a> Haishhh pohon mass!!!"
@Squidgame2-123,Pagi2 disuruh ketawa
@bayuarzalubis,Pagi x bg
@gratssss,pohom hip!
@luluekaafrilia537,film GJLS seruuu banget makanya aku udh nonton film nya hehe
@miachegen6013,"Ini siapa sih yg ketawanya kaya ayam, lucu bangetğŸ¤£ğŸ¤£"
@dohannn5607,itu hismi
@BatozarDom,ğŸ˜‚
@SijamHusna,"Kenapa Bang Hizmi mirip Bang Yudha Keling skrng<br><br>Btw Minggur dibahas juga<br><a href=""https://www.youtube.com/watch?v=REvlWJ7lo4M&amp;t=1980"">33:00</a>"
@dohannn5607,undang adi arkiang banggg
@yuukiasuka762,Nah nah ğŸ˜‚ jangan lupa bekali dengan obat migrain
@conanfauzigawa22,Sundul Gan
@IrfanMaulana-dw3dc,"<a href=""https://www.youtube.com/watch?v=REvlWJ7lo4M&amp;t=572"">9:32</a> jadi keikut pohom nih gara2 lu hip!!!"
@dohannn5607,undang dzawin bgg
@KevinWong-b2e,"Segabut ini gue,,pagi2 bgni dgerin obrolan mreka"
@Elpistolero78910,Po gantengan lu po
@jimred3538,"batu empedu atau cholelithiasis, itu asli nyiksa banget, trigger nya kalo makan berlemak atau berminyak, makan sore, sakitnya bisa sampai besok pagi bikin ga bisa tidur. kejadian di gw sama kaya hifdzi, kecil2 mau dioperasi, kirain bakal dibedah doang dibersihin batu2 nya, bangun2 dari anestesi udah diangkat se kantong2 empedunya ğŸ˜­"
@santosoabimayu,Wah ngeri apa penyebabnya
@jonipx,"Kabohidrat bro masalahnya, selain itu makanan yang di konsumsi berlebihan seperti kabohidrat, gula, ultra proses food"
@santosoabimayu,Spertinya hismi yang literasi kesehatan bagus di gjls malah yang kena. Tapi baru tahu orang bisa  tanpa empedu.
@jonipx,â€‹@@santosoabimayukelebihan berat badan sih keknya
@crazinessnword212,yaolohhh gen gen akhirnya bahas film GJLS
@sayarobbyy,Lahh iya hafiz kurusan
@dewilaksmiadex847,wajib nonton GJLS
@cungukkkkpulen,mancinggg sama risponyaaa mana banggg raditt
@anggifadillah6369,This eks little comedian is always funnyğŸ¤£ğŸ¤£ğŸ¤£
@firaamal7891,kesalahan nya 1 : kebanyakan nazar
@waisalkarni6020,Dari materi filmnya sendiri susah klo 1 jt bang
@glazyblue8405,â€‹@@waisalkarni6020emang komedinya cukup segmented ya buat pengikut gjls
@LiloLoli-sq6ug,Oh ini yg nulis.pantesan gagal filmnyağŸ˜‚
@a_paandah,600rb mah gak gagal
@LiloLoli-sq6ug,â€‹@@a_paandahkan nasarnya 54 jtğŸ˜‚
@ThoriqAlfatan-fs8px,POHOM HIPPPP
@anuxzagarawot3000,iakah
@wimbokurnia855,wah ada hizmi
@kurniawanfreaks,"haissss, di puji cowok manis lu hippp!"
@agungnovan3739,Menunggu di netflix
@irgizidansyah,banyak banget ya komen2 dari akun judolâ€¦ stopp judol guys !!!
@kurniawanfreaks,penghibur radit ini lu hip!
@luvia-z2x,"Keren banget â¤ğŒğğğ€ ğŸ’ğƒğŸ”´! Nggak cuma soal menang, tapi pengalaman yang nyentuh hati. Visualnya top! ğŸ’–"
@vaniaalberti-v4v,"Subhanallah, â¤ğŒğğğ€ ğŸ’ğƒğŸ”´ bikin pengalaman main jadi beda! Ceritanya inspiratif, visualnya keren abis! ğŸ™Œ"
@madesantika-x1p,"<a href=""https://www.youtube.com/watch?v=REvlWJ7lo4M&amp;t=71"">01:11</a> Wow, â¤ğŒğğğ€ ğŸ’ğƒğŸ”´ bikin standar baru! Narasinya menarik dengan tema yang penuh makna, gameplay-nya mulus banget, bikin ketagihan. Hadiahnya luar biasa, setiap momen terasa berharga. Rekomendasi banget! ğŸš€"
@alexandraamadea-h8q,"<a href=""https://www.youtube.com/watch?v=REvlWJ7lo4M&amp;t=61"">01:01</a> Sungguh takjub dengan â¤ğŒğğğ€ ğŸ’ğƒğŸ”´! Ceritanya begitu menyentuh, memadukan makna mendalam dengan gameplay yang seru. Visualnya memukau, dan hadiahnya? Benar-benar luar biasa. Wajib coba untuk pengalaman tak terlupakan! ğŸŒŸ"
@AgungHermanta-g3t,"Subhanallah, â¤ğŒğğğ€ ğŸ’ğƒğŸ”´ bikin pengalaman main jadi beda! Visualnya keren, ceritanya inspiratif, dan untungnya luar biasa! ğŸ™Œ"
@widiaarlita-y2h,"Subhanallah, â¤ğŒğğğ€ ğŸ’ğƒğŸ”´ bikin pengalaman main jadi beda! Ceritanya inspiratif, visualnya keren abis! ğŸ™Œ"
@rara-h5q1i,"<a href=""https://www.youtube.com/watch?v=REvlWJ7lo4M&amp;t=431"">07:11</a> Subhanallah, â¤ğŒğğğ€ ğŸ’ğƒğŸ”´ bikin pengalaman main jadi beda! Ceritanya inspiratif, hadiahnya bikin happy! ğŸ™Œ"
@NoviliaPutri-f4e,"Gak sabar share ke temen soal â¤ğŒğğğ€ ğŸ’ğƒğŸ”´! Ceritanya bikin penasaran, kemenangannya bikin happy, dan visualnya top! â¤ï¸"
@yolanda-r9e,"Wow, â¤ğŒğğğ€ ğŸ’ğƒğŸ”´ bener-bener beda! Visualnya ciamik, ceritanya mengalir, dan kemenangannya bikin hati berbunga. Harus main sekarang! â¤ï¸"
@nyomanyunita-q7r,"Keren banget â¤ğŒğğğ€ ğŸ’ğƒğŸ”´! Nggak cuma soal menang, tapi pengalaman yang nyentuh hati. Visualnya top! ğŸ’–"
@amirafatiya-g4q,"Alhamdulillah, â¤ğŒğğğ€ ğŸ’ğƒğŸ”´ bikin hiburan jadi lebih bermakna! Ceritanya relate, hadiahnya bikin dompet senyum! ğŸ™"
@Indri-z3f,"<a href=""https://www.youtube.com/watch?v=REvlWJ7lo4M&amp;t=260"">04:20</a> â¤ğŒğğğ€ ğŸ’ğƒğŸ”´ emang luar biasa! Visualnya memanjakan mata, ceritanya bikin mikir, dan gameplay-nya super smooth! ğŸŒŸ"
@riha-o2f,"â¤ğŒğğğ€ ğŸ’ğƒğŸ”´, kamu emang terbaik! Setiap main bikin ketagihan, ceritanya relate, visualnya top! ğŸ’ª"
@kiarasantena-g1z,"Subhanallah, â¤ğŒğğğ€ ğŸ’ğƒğŸ”´ bikin pengalaman main jadi beda! Ceritanya inspiratif, visualnya keren! ğŸ™Œ"
@storytoly,selalu suka kalau bang radit bareng hismiğŸ˜‚â¤ NEXT DITUNGGU MANCING BENERAN BARENG RISPO
@mr.baldi1375,undang agung hapsah bang
@DaneswaraPratama-l7s,"<a href=""https://www.youtube.com/watch?v=REvlWJ7lo4M&amp;t=181"">03:01</a> Masyaallah, â¤ğŒğğğ€ ğŸ’ğƒğŸ”´ bikin pengalaman main beda! Visualnya top, ceritanya penuh makna, dan hadiahnya wow banget! ğŸ’"
@fuadibontot6012,Judol membuatmu meralat
@sudisamsin-v4x,"<a href=""https://www.youtube.com/watch?v=REvlWJ7lo4M&amp;t=61"">01:01</a> Sungguh takjub dengan â¤ğŒğğğ€ ğŸ’ğƒğŸ”´! Ceritanya begitu menyentuh, memadukan makna mendalam dengan gameplay yang seru. Visualnya memukau, dan hadiahnya? Benar-benar luar biasa. Wajib coba untuk pengalaman tak terlupakan! ğŸŒŸ"
@ayugunawan-z4u,"Keren banget â¤ğŒğğğ€ ğŸ’ğƒğŸ”´! Ceritanya begitu mendalam, bikin hati tersentuh, dan visualnya benar-benar memukau. Hadiahnya juga bikin semangat main terus! Wajib coba, guys! ğŸŒŸ"
@somebuddy.,Bentar lagi 11 juta bang Radit!
@rachmawatipuput7048,ğŸ˜‚ğŸ˜‚ğŸ˜‚
@ErinaAnanta-c2o,"<a href=""https://www.youtube.com/watch?v=REvlWJ7lo4M&amp;t=178"">02:58</a> â¤ğŒğğğ€ ğŸ’ğƒğŸ”´ gak ada duanya! Baru main sebentar, langsung dapet kejutan gede. Ceritanya inspiratif, visualnya bikin takjub! ğŸŒŸ"
@Wiya-b4u,"<a href=""https://www.youtube.com/watch?v=REvlWJ7lo4M&amp;t=18"">00:18</a> Keren abis â¤ğŒğğğ€ ğŸ’ğƒğŸ”´! Visualnya ciamik, gameplay-nya seru, dan hadiahnya bikin dompet senyum lebar. Rekomendasi banget! ğŸ˜"
@mutiara-s3n,"Alhamdulillah, â¤ğŒğğğ€ ğŸ’ğƒğŸ”´ bikin hiburan jadi lebih bermakna! Ceritanya relate, hadiahnya bikin dompet senyum! ğŸ™"
@niahayuning-n2h,"â¤ğŒğğğ€ ğŸ’ğƒğŸ”´ bikin hari lebih seru! Ceritanya relate banget, gameplay-nya mulus, dan hadiahnya bikin semangat. Rekomendasi buat semua! ğŸŒˆ"
@nirwa-v4w,"Gila, â¤ğŒğğğ€ ğŸ’ğƒğŸ”´ bikin nagih abis! Ceritanya dalam, visualnya memanjakan mata, dan kemenangannya bikin kaget. Wajib dicoba semua! ğŸ”¥"
@Rahmawan-h1k,"â¤ğŒğğğ€ ğŸ’ğƒğŸ”´, apa sih rahasia kamu bikin ketagihan? Ceritanya penuh inspirasi, gameplay-nya seru, dan hadiahnya bikin takjub! ğŸ’"
@Faiq-s6d,"<a href=""https://www.youtube.com/watch?v=REvlWJ7lo4M&amp;t=104"">01:44</a> Keren abis â¤ğŒğğğ€ ğŸ’ğƒğŸ”´! Gameplay-nya dikemas apik, visualnya memanjakan mata, dan hadiahnya bikin dompet tersenyum lebar. Pengalaman yang nggak boleh dilewatkan! ğŸ˜"
@rahmanozora8793,Pagi banget yee
@sayyidhsn,waw pagi yang sangat produktif
@pikaru_byme,first
@akuputrir,wkwk pagii bgtt bang
@Aqua111-m4j,"Secara podcast, terlalu morning person mas uploadnya"
@SellyJelita69,DZAWIN KAPAN?
@zhazelailul1591,"Segabut ini gue,,pagi2 bgni dgerin obrolan mreka"
@crazinessnword212,"bukan gabut mas, nganggur"
@pevitayt14,â€‹@@crazinessnword212chuakssss
@wildanabil,"Bukan gabut mas , pengangguran"
@rmnh1687,ğŸ˜‚ğŸ˜‚ğŸ˜‚
@gamerskw2080,â˜
@Warga081,"Alay bgt sih yg nulis pertama, kedua, ketiga. nonton aja belom kelar, udah nulis nulis gituğŸ˜‚"
@serbaserbiiiii-w7q,gw yakin yg nonton ini sambil prepare kerja
@lindadianita,bener bangett ğŸ˜‚
@SijamHusna,Saya kerjanya di rumah jadi santuy ğŸ˜¬ğŸ˜¬
@06zainal,Pgiiiii skliiii
@mvalentinoo,BERONTAK TERUS HIPP!!
@JorgeMartine-q3m,menunggu GJLS di netflix
@yohanesnicosetiyawan2958,sama
@pevitayt14,"bukan di netflix bang tapi di vidio, tungguin 3 bulanan lagi"
@radenarrel,Sama
@introdiksi,Parah pada ga nonton di bioskop
@yohanesnicosetiyawan2958,"â€‹@@introdiksinonton kocak, pas day one malah"
@satuoktober,Terlalu pagi masnyaaa
@funny_video261,Pagi bang Radit ğŸ˜Š
@laksanaiqbal9240,Gw yakin sekarang bgt blm ada yang selesai nonton video ini ğŸ˜
@imkahfiii,Famous hip hipp
@babyayooy,Pagi amat neng
@Sinner-ars,pagi banget
@priasegardenganrasamelon1899,Makan nasi uduk + podcast radit
@pizzatempe1,pagi pagi nonton radit
@hamdis7125,Cakep
@muhrhafie1430,ğŸ‰
@dul6984,undang armuh dong bang
@JorgeMartine-q3m,UP
@Azizrachmann,07.01
@dacolgames,Wew
@Kartun87654,Ke3
@gopletzzz1290,pertama
@athala1412,Morning person sekali
@jhawle6587,Pertama bang
@khoirunnisaazh,Sarapan dengan podcast
@illuwidya8714,ğŸ‰
